-- phpMyAdmin SQL Dump
-- version 4.7.2
-- https://www.phpmyadmin.net/
--
-- Host: localhost
-- Generation Time: Aug 22, 2018 at 09:04 AM
-- Server version: 5.6.35
-- PHP Version: 7.1.1

SET SQL_MODE = "NO_AUTO_VALUE_ON_ZERO";
SET AUTOCOMMIT = 0;
START TRANSACTION;
SET time_zone = "+00:00";


/*!40101 SET @OLD_CHARACTER_SET_CLIENT=@@CHARACTER_SET_CLIENT */;
/*!40101 SET @OLD_CHARACTER_SET_RESULTS=@@CHARACTER_SET_RESULTS */;
/*!40101 SET @OLD_COLLATION_CONNECTION=@@COLLATION_CONNECTION */;
/*!40101 SET NAMES utf8mb4 */;

--
-- Database: `WriterAmongUs`
--

-- --------------------------------------------------------

--
-- Table structure for table `EVENT_DATA`
--

CREATE TABLE `EVENT_DATA` (
  `event_id` int(11) NOT NULL,
  `creation_date` timestamp NOT NULL DEFAULT CURRENT_TIMESTAMP,
  `event_type` varchar(1) NOT NULL,
  `event_amount` int(11) NOT NULL,
  `event_status` varchar(1) NOT NULL DEFAULT 'N',
  `public` int(11) NOT NULL
) ENGINE=InnoDB DEFAULT CHARSET=utf8;

--
-- Dumping data for table `EVENT_DATA`
--

INSERT INTO `EVENT_DATA` (`event_id`, `creation_date`, `event_type`, `event_amount`, `event_status`, `public`) VALUES
(17, '2018-08-22 06:24:44', 'S', 300, 'T', 2),
(18, '2018-08-22 06:57:44', 'S', 600, 'N', 2);

-- --------------------------------------------------------

--
-- Table structure for table `SPRINT_BACKUP`
--

CREATE TABLE `SPRINT_BACKUP` (
  `backup_id` int(11) NOT NULL,
  `sprint_id` int(11) NOT NULL,
  `user_id` int(11) NOT NULL,
  `sprint_text` longtext,
  `saved_date` timestamp NOT NULL DEFAULT CURRENT_TIMESTAMP
) ENGINE=InnoDB DEFAULT CHARSET=utf8;

--
-- Dumping data for table `SPRINT_BACKUP`
--

INSERT INTO `SPRINT_BACKUP` (`backup_id`, `sprint_id`, `user_id`, `sprint_text`, `saved_date`) VALUES
(1, 0, 0, NULL, '2018-08-21 03:59:30'),
(2, 0, 0, NULL, '2018-08-21 03:59:30'),
(3, 0, 0, NULL, '2018-08-21 04:35:17'),
(4, 0, 0, NULL, '2018-08-21 04:35:17'),
(5, 0, 0, NULL, '2018-08-21 04:52:30'),
(6, 0, 0, NULL, '2018-08-21 04:52:30'),
(7, 0, 0, NULL, '2018-08-21 04:52:30'),
(8, 0, 0, NULL, '2018-08-21 04:52:30'),
(9, 0, 0, NULL, '2018-08-21 04:52:40'),
(10, 0, 0, NULL, '2018-08-21 04:52:40'),
(11, 0, 0, NULL, '2018-08-21 04:52:40'),
(12, 0, 0, NULL, '2018-08-21 04:52:40'),
(13, 0, 0, NULL, '2018-08-21 04:52:50'),
(14, 0, 0, NULL, '2018-08-21 04:52:50'),
(15, 0, 0, NULL, '2018-08-21 04:52:50'),
(16, 0, 0, NULL, '2018-08-21 04:52:50'),
(17, 0, 0, NULL, '2018-08-21 04:53:00'),
(18, 0, 0, NULL, '2018-08-21 04:53:00'),
(19, 0, 0, NULL, '2018-08-21 04:53:00'),
(20, 0, 0, NULL, '2018-08-21 04:53:00'),
(21, 0, 0, NULL, '2018-08-21 04:53:10'),
(22, 0, 0, NULL, '2018-08-21 04:53:10'),
(23, 0, 0, NULL, '2018-08-21 04:53:10'),
(24, 0, 0, NULL, '2018-08-21 04:53:10'),
(25, 0, 0, NULL, '2018-08-21 04:53:22'),
(26, 0, 0, NULL, '2018-08-21 04:53:22'),
(27, 0, 0, NULL, '2018-08-21 04:53:22'),
(28, 0, 0, NULL, '2018-08-21 04:53:22'),
(29, 0, 0, NULL, '2018-08-21 04:53:32'),
(30, 0, 0, NULL, '2018-08-21 04:53:32'),
(31, 0, 0, NULL, '2018-08-21 04:53:32'),
(32, 0, 0, NULL, '2018-08-21 04:53:32'),
(33, 0, 0, NULL, '2018-08-21 04:53:42'),
(34, 0, 0, NULL, '2018-08-21 04:53:42'),
(35, 0, 0, NULL, '2018-08-21 04:53:42'),
(36, 0, 0, NULL, '2018-08-21 04:53:42'),
(37, 0, 0, NULL, '2018-08-21 04:53:50'),
(38, 0, 0, NULL, '2018-08-21 04:53:50'),
(39, 0, 0, NULL, '2018-08-21 04:53:50'),
(40, 0, 0, NULL, '2018-08-21 04:53:50'),
(41, 0, 0, NULL, '2018-08-21 04:53:52'),
(42, 0, 0, NULL, '2018-08-21 04:53:52'),
(43, 0, 0, NULL, '2018-08-21 04:53:52'),
(44, 0, 0, NULL, '2018-08-21 04:53:52'),
(45, 0, 0, NULL, '2018-08-21 04:54:02'),
(46, 0, 0, NULL, '2018-08-21 04:54:02'),
(47, 0, 0, NULL, '2018-08-21 04:54:02'),
(48, 0, 0, NULL, '2018-08-21 04:54:02'),
(49, 0, 0, NULL, '2018-08-21 04:54:14'),
(50, 0, 0, NULL, '2018-08-21 04:54:14'),
(51, 0, 0, NULL, '2018-08-21 04:54:14'),
(52, 0, 0, NULL, '2018-08-21 04:54:14'),
(53, 0, 0, NULL, '2018-08-21 04:54:25'),
(54, 0, 0, NULL, '2018-08-21 04:54:25'),
(55, 0, 0, NULL, '2018-08-21 04:54:25'),
(56, 0, 0, NULL, '2018-08-21 04:54:25'),
(57, 0, 0, NULL, '2018-08-21 04:54:34'),
(58, 0, 0, NULL, '2018-08-21 04:54:35'),
(59, 0, 0, NULL, '2018-08-21 04:54:35'),
(60, 0, 0, NULL, '2018-08-21 04:54:35'),
(61, 0, 0, NULL, '2018-08-21 04:54:35'),
(62, 0, 0, NULL, '2018-08-21 04:54:45'),
(63, 0, 0, NULL, '2018-08-21 04:54:45'),
(64, 0, 0, NULL, '2018-08-21 04:54:45'),
(65, 0, 0, NULL, '2018-08-21 04:54:45'),
(66, 0, 0, NULL, '2018-08-21 04:54:50'),
(67, 0, 0, NULL, '2018-08-21 04:54:56'),
(68, 0, 0, NULL, '2018-08-21 04:54:56'),
(69, 0, 0, NULL, '2018-08-21 04:54:56'),
(70, 0, 0, NULL, '2018-08-21 04:54:56'),
(71, 0, 0, NULL, '2018-08-21 04:55:08'),
(72, 0, 0, NULL, '2018-08-21 04:55:08'),
(73, 0, 0, NULL, '2018-08-21 04:55:08'),
(74, 0, 0, NULL, '2018-08-21 04:55:08'),
(75, 0, 0, NULL, '2018-08-21 04:55:18'),
(76, 0, 0, NULL, '2018-08-21 04:55:18'),
(77, 0, 0, NULL, '2018-08-21 04:55:18'),
(78, 0, 0, NULL, '2018-08-21 04:55:18'),
(79, 0, 0, NULL, '2018-08-21 04:55:29'),
(80, 0, 0, NULL, '2018-08-21 04:55:29'),
(81, 0, 0, NULL, '2018-08-21 04:55:29'),
(82, 0, 0, NULL, '2018-08-21 04:55:29'),
(83, 0, 0, NULL, '2018-08-21 04:55:41'),
(84, 0, 0, NULL, '2018-08-21 04:55:41'),
(85, 0, 0, NULL, '2018-08-21 04:55:41'),
(86, 0, 0, NULL, '2018-08-21 04:55:41'),
(87, 0, 0, NULL, '2018-08-21 04:55:52'),
(88, 0, 0, NULL, '2018-08-21 04:56:02'),
(89, 0, 0, NULL, '2018-08-21 04:56:12'),
(90, 0, 0, NULL, '2018-08-21 04:56:22'),
(91, 0, 0, NULL, '2018-08-21 04:57:06'),
(92, 0, 0, NULL, '2018-08-21 04:57:16'),
(93, 0, 0, NULL, '2018-08-21 04:57:26'),
(94, 0, 0, NULL, '2018-08-21 04:57:36'),
(95, 0, 0, NULL, '2018-08-21 04:57:48'),
(96, 0, 0, NULL, '2018-08-21 04:57:59'),
(97, 0, 0, NULL, '2018-08-21 04:58:09'),
(98, 0, 0, NULL, '2018-08-21 04:58:20'),
(99, 0, 0, NULL, '2018-08-21 04:58:30'),
(100, 0, 0, NULL, '2018-08-21 04:58:40'),
(101, 0, 0, NULL, '2018-08-21 04:58:51'),
(102, 0, 0, NULL, '2018-08-21 04:59:03'),
(103, 0, 0, NULL, '2018-08-21 04:59:13'),
(104, 0, 0, NULL, '2018-08-21 04:59:24'),
(105, 0, 0, NULL, '2018-08-21 04:59:34'),
(106, 0, 0, NULL, '2018-08-21 04:59:46'),
(107, 0, 0, NULL, '2018-08-21 04:59:56'),
(108, 0, 0, NULL, '2018-08-21 05:00:08'),
(109, 0, 0, NULL, '2018-08-21 05:00:18'),
(110, 0, 0, NULL, '2018-08-21 05:00:30'),
(111, 0, 0, NULL, '2018-08-21 05:00:41'),
(112, 0, 0, NULL, '2018-08-21 05:00:52'),
(113, 0, 0, NULL, '2018-08-21 05:01:02'),
(114, 0, 0, NULL, '2018-08-21 05:01:12'),
(115, 0, 0, NULL, '2018-08-21 05:01:23'),
(116, 0, 0, NULL, '2018-08-21 05:01:35'),
(117, 0, 0, NULL, '2018-08-21 05:01:46'),
(118, 0, 0, NULL, '2018-08-21 05:01:57'),
(119, 0, 0, NULL, '2018-08-21 05:02:08'),
(120, 0, 0, NULL, '2018-08-21 05:02:18'),
(121, 0, 0, NULL, '2018-08-21 05:02:29'),
(122, 0, 0, NULL, '2018-08-21 05:02:41'),
(123, 0, 0, NULL, '2018-08-21 05:02:52'),
(124, 0, 0, NULL, '2018-08-21 05:03:02'),
(125, 0, 0, NULL, '2018-08-21 05:03:14'),
(126, 0, 0, NULL, '2018-08-21 05:03:25'),
(127, 0, 0, NULL, '2018-08-21 05:03:36'),
(128, 0, 0, NULL, '2018-08-21 05:03:47'),
(129, 0, 0, NULL, '2018-08-21 05:03:58'),
(130, 0, 0, NULL, '2018-08-21 05:04:09'),
(131, 0, 0, NULL, '2018-08-21 05:04:20'),
(132, 0, 0, NULL, '2018-08-21 05:04:31'),
(133, 0, 0, NULL, '2018-08-21 05:04:41'),
(134, 0, 0, NULL, '2018-08-21 05:04:53'),
(135, 0, 0, NULL, '2018-08-21 05:05:03'),
(136, 0, 0, NULL, '2018-08-21 05:05:15'),
(137, 0, 0, NULL, '2018-08-21 05:05:26'),
(138, 0, 0, NULL, '2018-08-21 05:05:37'),
(139, 0, 0, NULL, '2018-08-21 05:05:48'),
(140, 0, 0, NULL, '2018-08-21 05:05:59'),
(141, 0, 0, NULL, '2018-08-21 05:06:10'),
(142, 0, 0, NULL, '2018-08-21 05:06:20'),
(143, 0, 0, NULL, '2018-08-21 05:06:32'),
(144, 0, 0, NULL, '2018-08-21 05:06:42'),
(145, 0, 0, NULL, '2018-08-21 05:06:54'),
(146, 0, 0, NULL, '2018-08-21 05:07:05'),
(147, 0, 0, NULL, '2018-08-21 05:07:16'),
(148, 0, 0, NULL, '2018-08-21 05:07:27'),
(149, 0, 0, NULL, '2018-08-21 05:07:37'),
(150, 0, 0, NULL, '2018-08-21 05:07:49'),
(151, 0, 0, NULL, '2018-08-21 05:07:59'),
(152, 0, 0, NULL, '2018-08-21 05:08:11'),
(153, 0, 0, NULL, '2018-08-21 05:08:21'),
(154, 0, 0, NULL, '2018-08-21 05:08:33'),
(155, 0, 0, NULL, '2018-08-21 05:08:44'),
(156, 0, 0, NULL, '2018-08-21 05:08:55'),
(157, 0, 0, NULL, '2018-08-21 05:09:06'),
(158, 0, 0, NULL, '2018-08-21 05:09:16'),
(159, 0, 0, NULL, '2018-08-21 05:09:27'),
(160, 0, 0, NULL, '2018-08-21 05:09:39'),
(161, 0, 0, NULL, '2018-08-21 05:09:50'),
(162, 0, 0, NULL, '2018-08-21 05:10:00'),
(163, 0, 0, NULL, '2018-08-21 05:10:10'),
(164, 0, 0, NULL, '2018-08-21 05:10:20'),
(165, 0, 0, NULL, '2018-08-21 05:10:31'),
(166, 0, 0, NULL, '2018-08-21 05:10:43'),
(167, 0, 0, NULL, '2018-08-21 05:10:54'),
(168, 0, 0, NULL, '2018-08-21 05:11:05'),
(169, 0, 0, NULL, '2018-08-21 05:11:16'),
(170, 0, 0, NULL, '2018-08-21 05:11:27'),
(171, 0, 0, NULL, '2018-08-21 05:11:37'),
(172, 0, 0, NULL, '2018-08-21 05:11:49'),
(173, 0, 0, NULL, '2018-08-21 05:11:59'),
(174, 0, 0, NULL, '2018-08-21 05:12:11'),
(175, 0, 0, NULL, '2018-08-21 05:12:21'),
(176, 0, 0, NULL, '2018-08-21 05:12:33'),
(177, 0, 0, NULL, '2018-08-21 05:24:41'),
(178, 0, 0, NULL, '2018-08-21 05:24:52'),
(179, 0, 0, NULL, '2018-08-21 05:25:03'),
(180, 0, 0, NULL, '2018-08-21 05:25:14'),
(181, 0, 0, NULL, '2018-08-21 05:25:24'),
(182, 0, 0, NULL, '2018-08-21 05:25:35'),
(183, 0, 0, NULL, '2018-08-21 05:25:47'),
(184, 0, 0, NULL, '2018-08-21 05:25:57'),
(185, 0, 0, NULL, '2018-08-21 05:26:08'),
(186, 0, 0, NULL, '2018-08-21 05:26:19'),
(187, 0, 0, NULL, '2018-08-21 05:26:28'),
(188, 0, 0, NULL, '2018-08-21 05:26:29'),
(189, 0, 0, NULL, '2018-08-21 05:26:39'),
(190, 0, 0, NULL, '2018-08-21 05:26:49'),
(191, 0, 0, NULL, '2018-08-21 05:54:19'),
(192, 0, 0, NULL, '2018-08-22 02:55:26'),
(193, 0, 0, NULL, '2018-08-22 02:55:36'),
(194, 0, 0, NULL, '2018-08-22 02:55:46'),
(195, 0, 0, NULL, '2018-08-22 02:55:57'),
(196, 0, 0, NULL, '2018-08-22 02:56:08'),
(197, 0, 0, NULL, '2018-08-22 02:56:19'),
(198, 0, 0, NULL, '2018-08-22 02:56:30'),
(199, 0, 0, NULL, '2018-08-22 02:56:41'),
(200, 0, 0, NULL, '2018-08-22 02:56:52'),
(201, 0, 0, NULL, '2018-08-22 02:57:03'),
(202, 0, 0, NULL, '2018-08-22 02:57:13'),
(203, 0, 0, NULL, '2018-08-22 02:57:24'),
(204, 0, 0, NULL, '2018-08-22 02:57:35'),
(205, 0, 0, NULL, '2018-08-22 02:57:46'),
(206, 0, 0, NULL, '2018-08-22 02:57:57'),
(207, 0, 0, NULL, '2018-08-22 02:58:08'),
(208, 0, 0, NULL, '2018-08-22 02:58:18'),
(209, 0, 0, NULL, '2018-08-22 02:58:28'),
(210, 0, 0, NULL, '2018-08-22 02:58:39'),
(211, 0, 0, NULL, '2018-08-22 02:58:49'),
(212, 0, 0, NULL, '2018-08-22 02:58:59'),
(213, 0, 0, NULL, '2018-08-22 02:59:09'),
(214, 0, 0, NULL, '2018-08-22 02:59:19'),
(215, 0, 0, NULL, '2018-08-22 02:59:30'),
(216, 0, 0, NULL, '2018-08-22 02:59:40'),
(217, 0, 0, NULL, '2018-08-22 02:59:51'),
(218, 0, 0, NULL, '2018-08-22 03:00:02'),
(219, 0, 0, NULL, '2018-08-22 03:00:12'),
(220, 0, 0, NULL, '2018-08-22 03:00:22'),
(221, 0, 0, NULL, '2018-08-22 03:00:32'),
(222, 0, 0, NULL, '2018-08-22 03:00:42'),
(223, 0, 0, NULL, '2018-08-22 03:00:53'),
(224, 0, 0, NULL, '2018-08-22 03:01:03'),
(225, 0, 0, NULL, '2018-08-22 03:01:13'),
(226, 0, 0, NULL, '2018-08-22 03:01:14'),
(227, 0, 0, NULL, '2018-08-22 03:01:23'),
(228, 0, 0, NULL, '2018-08-22 03:01:25'),
(229, 0, 0, NULL, '2018-08-22 03:01:34'),
(230, 0, 0, NULL, '2018-08-22 03:01:36'),
(231, 0, 0, NULL, '2018-08-22 03:01:45'),
(232, 0, 0, NULL, '2018-08-22 03:01:47'),
(233, 0, 0, NULL, '2018-08-22 03:01:55'),
(234, 0, 0, NULL, '2018-08-22 03:01:58'),
(235, 0, 0, NULL, '2018-08-22 03:02:05'),
(236, 0, 0, NULL, '2018-08-22 03:02:09'),
(237, 0, 0, NULL, '2018-08-22 03:02:16'),
(238, 0, 0, NULL, '2018-08-22 03:02:20'),
(239, 0, 0, NULL, '2018-08-22 03:02:27'),
(240, 0, 0, NULL, '2018-08-22 03:02:31'),
(241, 0, 0, NULL, '2018-08-22 03:02:38'),
(242, 0, 0, NULL, '2018-08-22 03:02:42'),
(243, 0, 0, NULL, '2018-08-22 03:02:48'),
(244, 0, 0, NULL, '2018-08-22 03:02:53'),
(245, 0, 0, NULL, '2018-08-22 03:02:58'),
(246, 0, 0, NULL, '2018-08-22 03:03:04'),
(247, 0, 0, NULL, '2018-08-22 03:03:09'),
(248, 0, 0, NULL, '2018-08-22 03:03:15'),
(249, 0, 0, NULL, '2018-08-22 03:03:20'),
(250, 0, 0, NULL, '2018-08-22 03:03:26'),
(251, 0, 0, NULL, '2018-08-22 03:03:31'),
(252, 0, 0, NULL, '2018-08-22 03:03:37'),
(253, 0, 0, NULL, '2018-08-22 03:03:42'),
(254, 0, 0, NULL, '2018-08-22 03:03:48'),
(255, 0, 0, NULL, '2018-08-22 03:03:52'),
(256, 0, 0, NULL, '2018-08-22 03:03:59'),
(257, 0, 0, NULL, '2018-08-22 03:04:02'),
(258, 0, 0, NULL, '2018-08-22 03:04:10'),
(259, 0, 0, NULL, '2018-08-22 03:04:13'),
(260, 0, 0, NULL, '2018-08-22 03:04:21'),
(261, 0, 0, NULL, '2018-08-22 03:04:24'),
(262, 0, 0, NULL, '2018-08-22 03:04:32'),
(263, 0, 0, NULL, '2018-08-22 03:04:35'),
(264, 0, 0, NULL, '2018-08-22 03:04:43'),
(265, 0, 0, NULL, '2018-08-22 03:04:46'),
(266, 0, 0, NULL, '2018-08-22 03:04:54'),
(267, 0, 0, NULL, '2018-08-22 03:04:57'),
(268, 0, 0, NULL, '2018-08-22 03:05:05'),
(269, 0, 0, NULL, '2018-08-22 03:05:07'),
(270, 0, 0, NULL, '2018-08-22 03:05:16'),
(271, 0, 0, NULL, '2018-08-22 03:05:18'),
(272, 0, 0, NULL, '2018-08-22 03:05:27'),
(273, 0, 0, NULL, '2018-08-22 03:05:29'),
(274, 0, 0, NULL, '2018-08-22 03:05:38'),
(275, 0, 0, NULL, '2018-08-22 03:05:39'),
(276, 0, 0, NULL, '2018-08-22 03:05:49'),
(277, 0, 0, NULL, '2018-08-22 03:05:49'),
(278, 0, 0, NULL, '2018-08-22 03:05:59'),
(279, 0, 0, NULL, '2018-08-22 03:06:00'),
(280, 0, 0, NULL, '2018-08-22 03:06:09'),
(281, 0, 0, NULL, '2018-08-22 03:06:11'),
(282, 0, 0, NULL, '2018-08-22 03:06:20'),
(283, 0, 0, NULL, '2018-08-22 03:06:22'),
(284, 0, 0, NULL, '2018-08-22 03:06:30'),
(285, 0, 0, NULL, '2018-08-22 03:06:33'),
(286, 0, 0, NULL, '2018-08-22 03:06:40'),
(287, 0, 0, NULL, '2018-08-22 03:06:44'),
(288, 0, 0, NULL, '2018-08-22 03:06:50'),
(289, 0, 0, NULL, '2018-08-22 03:06:55'),
(290, 0, 0, NULL, '2018-08-22 03:07:00'),
(291, 0, 0, NULL, '2018-08-22 03:07:06'),
(292, 0, 0, NULL, '2018-08-22 03:07:10'),
(293, 0, 0, NULL, '2018-08-22 03:07:17'),
(294, 0, 0, NULL, '2018-08-22 03:07:20'),
(295, 0, 0, NULL, '2018-08-22 03:07:28'),
(296, 0, 0, NULL, '2018-08-22 03:07:30'),
(297, 0, 0, NULL, '2018-08-22 03:07:39'),
(298, 0, 0, NULL, '2018-08-22 03:07:41'),
(299, 0, 0, NULL, '2018-08-22 03:07:50'),
(300, 0, 0, NULL, '2018-08-22 03:07:51'),
(301, 0, 0, NULL, '2018-08-22 03:08:01'),
(302, 0, 0, NULL, '2018-08-22 03:08:01'),
(303, 0, 0, NULL, '2018-08-22 03:08:11'),
(304, 0, 0, NULL, '2018-08-22 03:08:12'),
(305, 0, 0, NULL, '2018-08-22 03:08:22'),
(306, 0, 0, NULL, '2018-08-22 03:08:23'),
(307, 0, 0, NULL, '2018-08-22 03:08:32'),
(308, 0, 0, NULL, '2018-08-22 03:08:34'),
(309, 0, 0, NULL, '2018-08-22 03:08:42'),
(310, 0, 0, NULL, '2018-08-22 03:08:45'),
(311, 0, 0, NULL, '2018-08-22 03:08:52'),
(312, 0, 0, NULL, '2018-08-22 03:08:56'),
(313, 0, 0, NULL, '2018-08-22 03:09:02'),
(314, 0, 0, NULL, '2018-08-22 03:09:07'),
(315, 0, 0, NULL, '2018-08-22 03:09:13'),
(316, 0, 0, NULL, '2018-08-22 03:09:18'),
(317, 0, 0, NULL, '2018-08-22 03:09:24'),
(318, 0, 0, NULL, '2018-08-22 03:09:29'),
(319, 0, 0, NULL, '2018-08-22 03:09:34'),
(320, 0, 0, NULL, '2018-08-22 03:09:40'),
(321, 0, 0, NULL, '2018-08-22 03:09:44'),
(322, 0, 0, NULL, '2018-08-22 03:09:51'),
(323, 0, 0, NULL, '2018-08-22 03:09:55'),
(324, 0, 0, NULL, '2018-08-22 03:10:02'),
(325, 0, 0, NULL, '2018-08-22 03:10:05'),
(326, 0, 0, NULL, '2018-08-22 03:10:13'),
(327, 0, 0, NULL, '2018-08-22 03:10:15'),
(328, 0, 0, NULL, '2018-08-22 03:10:24'),
(329, 0, 0, NULL, '2018-08-22 03:10:26'),
(330, 0, 0, NULL, '2018-08-22 03:10:35'),
(331, 0, 0, NULL, '2018-08-22 03:10:37'),
(332, 0, 0, NULL, '2018-08-22 03:10:46'),
(333, 0, 0, NULL, '2018-08-22 03:10:48'),
(334, 0, 0, NULL, '2018-08-22 03:10:57'),
(335, 0, 0, NULL, '2018-08-22 03:10:59'),
(336, 0, 0, NULL, '2018-08-22 03:11:08'),
(337, 0, 0, NULL, '2018-08-22 03:11:10'),
(338, 0, 0, NULL, '2018-08-22 03:11:19'),
(339, 0, 0, NULL, '2018-08-22 03:11:21'),
(340, 0, 0, NULL, '2018-08-22 03:11:30'),
(341, 0, 0, NULL, '2018-08-22 03:11:31'),
(342, 0, 0, NULL, '2018-08-22 03:11:41'),
(343, 0, 0, NULL, '2018-08-22 03:11:41'),
(344, 0, 0, NULL, '2018-08-22 03:11:51'),
(345, 0, 0, NULL, '2018-08-22 03:11:52'),
(346, 0, 0, NULL, '2018-08-22 03:12:01'),
(347, 0, 0, NULL, '2018-08-22 03:12:03'),
(348, 0, 0, NULL, '2018-08-22 03:12:11'),
(349, 0, 0, NULL, '2018-08-22 03:12:14'),
(350, 0, 0, NULL, '2018-08-22 03:12:22'),
(351, 0, 0, NULL, '2018-08-22 03:12:25'),
(352, 0, 0, NULL, '2018-08-22 03:12:32'),
(353, 0, 0, NULL, '2018-08-22 03:12:36'),
(354, 0, 0, NULL, '2018-08-22 03:12:42'),
(355, 0, 0, NULL, '2018-08-22 03:12:47'),
(356, 0, 0, NULL, '2018-08-22 03:12:53'),
(357, 0, 0, NULL, '2018-08-22 03:12:58'),
(358, 0, 0, NULL, '2018-08-22 03:13:03'),
(359, 0, 0, NULL, '2018-08-22 03:13:14'),
(360, 0, 0, NULL, '2018-08-22 03:13:25'),
(361, 0, 0, NULL, '2018-08-22 03:13:36'),
(362, 0, 0, NULL, '2018-08-22 03:13:48'),
(363, 0, 0, NULL, '2018-08-22 03:13:58'),
(364, 0, 0, NULL, '2018-08-22 03:14:09'),
(365, 0, 0, NULL, '2018-08-22 03:14:20'),
(366, 0, 0, NULL, '2018-08-22 03:14:31'),
(367, 0, 0, NULL, '2018-08-22 03:14:42'),
(368, 0, 0, NULL, '2018-08-22 03:14:53'),
(369, 0, 0, NULL, '2018-08-22 03:15:04'),
(370, 0, 0, NULL, '2018-08-22 03:15:15'),
(371, 0, 0, NULL, '2018-08-22 03:15:25'),
(372, 0, 0, NULL, '2018-08-22 03:15:35'),
(373, 0, 0, NULL, '2018-08-22 03:15:45'),
(374, 0, 0, NULL, '2018-08-22 03:15:56'),
(375, 0, 0, NULL, '2018-08-22 03:16:07'),
(376, 0, 0, NULL, '2018-08-22 03:16:18'),
(377, 0, 0, NULL, '2018-08-22 03:16:28'),
(378, 0, 0, NULL, '2018-08-22 03:16:38'),
(379, 0, 0, NULL, '2018-08-22 03:16:49'),
(380, 0, 0, NULL, '2018-08-22 03:16:59'),
(381, 0, 0, NULL, '2018-08-22 03:17:09'),
(382, 0, 0, NULL, '2018-08-22 03:17:20'),
(383, 0, 0, NULL, '2018-08-22 03:17:31'),
(384, 0, 0, NULL, '2018-08-22 03:17:42'),
(385, 0, 0, NULL, '2018-08-22 03:17:52'),
(386, 0, 0, NULL, '2018-08-22 03:18:02'),
(387, 0, 0, NULL, '2018-08-22 03:18:13'),
(388, 0, 0, NULL, '2018-08-22 03:18:24'),
(389, 0, 0, NULL, '2018-08-22 03:18:35'),
(390, 0, 0, NULL, '2018-08-22 03:18:46'),
(391, 0, 0, NULL, '2018-08-22 03:18:57'),
(392, 0, 0, NULL, '2018-08-22 03:19:08'),
(393, 0, 0, NULL, '2018-08-22 03:19:19'),
(394, 0, 0, NULL, '2018-08-22 03:19:30'),
(395, 0, 0, NULL, '2018-08-22 03:19:41'),
(396, 0, 0, NULL, '2018-08-22 03:19:52'),
(397, 0, 0, NULL, '2018-08-22 03:20:03'),
(398, 0, 0, NULL, '2018-08-22 03:20:13'),
(399, 0, 0, NULL, '2018-08-22 03:20:23'),
(400, 0, 0, NULL, '2018-08-22 03:20:34'),
(401, 0, 0, NULL, '2018-08-22 03:20:45'),
(402, 0, 0, NULL, '2018-08-22 03:20:56'),
(403, 0, 0, NULL, '2018-08-22 03:21:07'),
(404, 0, 0, NULL, '2018-08-22 03:21:18'),
(405, 0, 0, NULL, '2018-08-22 03:21:28'),
(406, 0, 0, NULL, '2018-08-22 03:21:38'),
(407, 0, 0, NULL, '2018-08-22 03:21:49'),
(408, 0, 0, NULL, '2018-08-22 03:22:00'),
(409, 0, 0, NULL, '2018-08-22 03:22:11'),
(410, 0, 0, NULL, '2018-08-22 03:22:22'),
(411, 0, 0, NULL, '2018-08-22 03:22:32'),
(412, 0, 0, NULL, '2018-08-22 03:22:42'),
(413, 0, 0, NULL, '2018-08-22 03:22:53'),
(414, 0, 0, NULL, '2018-08-22 03:23:04'),
(415, 0, 0, NULL, '2018-08-22 03:23:15'),
(416, 0, 0, NULL, '2018-08-22 05:08:37'),
(417, 0, 0, NULL, '2018-08-22 05:08:47'),
(418, 0, 0, NULL, '2018-08-22 05:08:57'),
(419, 0, 0, NULL, '2018-08-22 05:09:07'),
(420, 0, 0, NULL, '2018-08-22 05:09:18'),
(421, 0, 0, NULL, '2018-08-22 05:09:28'),
(422, 0, 0, NULL, '2018-08-22 05:09:39'),
(423, 0, 0, NULL, '2018-08-22 05:09:50'),
(424, 0, 0, NULL, '2018-08-22 05:10:21'),
(425, 0, 0, NULL, '2018-08-22 05:10:32'),
(426, 0, 0, NULL, '2018-08-22 05:10:43'),
(427, 0, 0, NULL, '2018-08-22 05:10:54'),
(428, 0, 0, NULL, '2018-08-22 05:11:05'),
(429, 0, 0, NULL, '2018-08-22 05:11:16'),
(430, 0, 0, NULL, '2018-08-22 05:11:27'),
(431, 0, 0, NULL, '2018-08-22 05:11:38'),
(432, 0, 0, NULL, '2018-08-22 05:11:49'),
(433, 0, 0, NULL, '2018-08-22 05:12:00'),
(434, 0, 0, NULL, '2018-08-22 05:12:11'),
(435, 0, 0, NULL, '2018-08-22 05:12:22'),
(436, 0, 0, NULL, '2018-08-22 05:12:33'),
(437, 0, 0, NULL, '2018-08-22 05:12:44'),
(438, 0, 0, NULL, '2018-08-22 05:12:55'),
(439, 0, 0, NULL, '2018-08-22 05:13:06'),
(440, 0, 0, NULL, '2018-08-22 05:13:17'),
(441, 0, 0, NULL, '2018-08-22 05:13:28'),
(442, 0, 0, NULL, '2018-08-22 05:13:38'),
(443, 0, 0, NULL, '2018-08-22 05:13:48'),
(444, 0, 0, NULL, '2018-08-22 05:13:58'),
(445, 0, 0, NULL, '2018-08-22 05:14:09'),
(446, 0, 0, NULL, '2018-08-22 05:14:20'),
(447, 0, 0, NULL, '2018-08-22 05:14:35'),
(448, 0, 0, NULL, '2018-08-22 05:14:39'),
(449, 0, 0, NULL, '2018-08-22 05:14:46'),
(450, 0, 0, NULL, '2018-08-22 05:14:49'),
(451, 0, 0, NULL, '2018-08-22 05:14:57'),
(452, 0, 0, NULL, '2018-08-22 05:14:59'),
(453, 0, 0, NULL, '2018-08-22 05:15:08'),
(454, 0, 0, NULL, '2018-08-22 05:15:09'),
(455, 0, 0, NULL, '2018-08-22 05:15:19'),
(456, 0, 0, NULL, '2018-08-22 05:15:30'),
(457, 0, 0, NULL, '2018-08-22 05:15:31'),
(458, 0, 0, NULL, '2018-08-22 05:15:41'),
(459, 0, 0, NULL, '2018-08-22 05:15:41'),
(460, 0, 0, NULL, '2018-08-22 05:15:51'),
(461, 0, 0, NULL, '2018-08-22 05:15:52'),
(462, 0, 0, NULL, '2018-08-22 05:16:02'),
(463, 0, 0, NULL, '2018-08-22 05:16:03'),
(464, 0, 0, NULL, '2018-08-22 05:16:13'),
(465, 0, 0, NULL, '2018-08-22 05:16:14'),
(466, 0, 0, NULL, '2018-08-22 05:16:24'),
(467, 0, 0, NULL, '2018-08-22 05:16:26'),
(468, 0, 0, NULL, '2018-08-22 05:16:35'),
(469, 0, 0, NULL, '2018-08-22 05:16:36'),
(470, 0, 0, NULL, '2018-08-22 05:16:46'),
(471, 0, 0, NULL, '2018-08-22 05:16:47'),
(472, 0, 0, NULL, '2018-08-22 05:16:56'),
(473, 0, 0, NULL, '2018-08-22 05:16:58'),
(474, 0, 0, NULL, '2018-08-22 05:17:06'),
(475, 0, 0, NULL, '2018-08-22 05:17:09'),
(476, 0, 0, NULL, '2018-08-22 05:17:16'),
(477, 0, 0, NULL, '2018-08-22 05:17:20'),
(478, 0, 0, NULL, '2018-08-22 05:17:31'),
(479, 0, 0, NULL, '2018-08-22 05:17:37'),
(480, 0, 0, NULL, '2018-08-22 05:17:48'),
(481, 0, 0, NULL, '2018-08-22 05:17:59'),
(482, 0, 0, NULL, '2018-08-22 05:18:09'),
(483, 0, 0, NULL, '2018-08-22 05:18:19'),
(484, 0, 0, NULL, '2018-08-22 05:18:30'),
(485, 0, 0, NULL, '2018-08-22 05:18:41'),
(486, 0, 0, NULL, '2018-08-22 05:18:52'),
(487, 0, 0, NULL, '2018-08-22 05:19:03'),
(488, 0, 0, NULL, '2018-08-22 05:19:13'),
(489, 0, 0, NULL, '2018-08-22 05:19:23'),
(490, 0, 0, NULL, '2018-08-22 05:19:34'),
(491, 0, 0, NULL, '2018-08-22 05:19:44'),
(492, 0, 0, NULL, '2018-08-22 05:19:55'),
(493, 0, 0, NULL, '2018-08-22 05:20:06'),
(494, 0, 0, NULL, '2018-08-22 05:21:04'),
(495, 0, 0, NULL, '2018-08-22 05:21:23'),
(496, 0, 0, NULL, '2018-08-22 05:21:33'),
(497, 0, 0, NULL, '2018-08-22 05:21:43'),
(498, 0, 0, NULL, '2018-08-22 05:21:54'),
(499, 0, 0, NULL, '2018-08-22 05:22:05'),
(500, 0, 0, NULL, '2018-08-22 05:22:15'),
(501, 0, 0, NULL, '2018-08-22 05:22:25'),
(502, 0, 0, NULL, '2018-08-22 05:22:35'),
(503, 0, 0, NULL, '2018-08-22 05:22:46'),
(504, 0, 0, NULL, '2018-08-22 05:22:57'),
(505, 0, 0, NULL, '2018-08-22 05:23:08'),
(506, 0, 0, NULL, '2018-08-22 05:23:19'),
(507, 0, 0, NULL, '2018-08-22 05:23:30'),
(508, 0, 0, NULL, '2018-08-22 05:23:41'),
(509, 0, 0, NULL, '2018-08-22 05:23:52'),
(510, 0, 0, NULL, '2018-08-22 05:24:03'),
(511, 0, 0, NULL, '2018-08-22 05:24:18'),
(512, 0, 0, NULL, '2018-08-22 05:24:18'),
(513, 0, 0, NULL, '2018-08-22 05:24:29'),
(514, 0, 0, NULL, '2018-08-22 05:24:37'),
(515, 0, 0, NULL, '2018-08-22 05:24:40'),
(516, 0, 0, NULL, '2018-08-22 05:24:47'),
(517, 0, 0, NULL, '2018-08-22 05:24:51'),
(518, 0, 0, NULL, '2018-08-22 05:24:57'),
(519, 0, 0, NULL, '2018-08-22 05:25:02'),
(520, 0, 0, NULL, '2018-08-22 05:25:07'),
(521, 0, 0, NULL, '2018-08-22 05:25:13'),
(522, 0, 0, NULL, '2018-08-22 05:25:18'),
(523, 0, 0, NULL, '2018-08-22 05:25:24'),
(524, 0, 0, NULL, '2018-08-22 05:25:30'),
(525, 0, 0, NULL, '2018-08-22 05:25:35'),
(526, 0, 0, NULL, '2018-08-22 05:25:40'),
(527, 0, 0, NULL, '2018-08-22 05:25:46'),
(528, 0, 0, NULL, '2018-08-22 05:25:50'),
(529, 0, 0, NULL, '2018-08-22 05:25:57'),
(530, 0, 0, NULL, '2018-08-22 05:26:00'),
(531, 0, 0, NULL, '2018-08-22 05:26:08'),
(532, 0, 0, NULL, '2018-08-22 05:26:17'),
(533, 0, 0, NULL, '2018-08-22 05:26:19'),
(534, 0, 0, NULL, '2018-08-22 05:26:27'),
(535, 0, 0, NULL, '2018-08-22 05:26:30'),
(536, 0, 0, NULL, '2018-08-22 05:26:38'),
(537, 0, 0, NULL, '2018-08-22 05:26:41'),
(538, 0, 0, NULL, '2018-08-22 05:26:49'),
(539, 0, 0, NULL, '2018-08-22 05:26:52'),
(540, 0, 0, NULL, '2018-08-22 05:26:59'),
(541, 0, 0, NULL, '2018-08-22 05:27:03'),
(542, 0, 0, NULL, '2018-08-22 05:27:09'),
(543, 0, 0, NULL, '2018-08-22 05:27:14'),
(544, 0, 0, NULL, '2018-08-22 05:27:20'),
(545, 0, 0, NULL, '2018-08-22 05:27:25'),
(546, 0, 0, NULL, '2018-08-22 05:27:36'),
(547, 0, 0, NULL, '2018-08-22 05:27:38'),
(548, 0, 0, NULL, '2018-08-22 05:27:47'),
(549, 0, 0, NULL, '2018-08-22 05:27:48'),
(550, 0, 0, NULL, '2018-08-22 05:27:58'),
(551, 0, 0, NULL, '2018-08-22 05:27:59'),
(552, 0, 0, NULL, '2018-08-22 05:28:09'),
(553, 0, 0, NULL, '2018-08-22 05:28:10'),
(554, 0, 0, NULL, '2018-08-22 05:28:20'),
(555, 0, 0, NULL, '2018-08-22 05:28:30'),
(556, 0, 0, NULL, '2018-08-22 05:28:40'),
(557, 0, 0, NULL, '2018-08-22 05:28:50'),
(558, 0, 0, NULL, '2018-08-22 05:29:00'),
(559, 0, 0, NULL, '2018-08-22 05:29:10'),
(560, 0, 0, NULL, '2018-08-22 05:29:20'),
(561, 0, 0, NULL, '2018-08-22 05:29:30'),
(562, 0, 0, NULL, '2018-08-22 05:29:41'),
(563, 0, 0, NULL, '2018-08-22 05:29:51'),
(564, 0, 0, NULL, '2018-08-22 05:30:01'),
(565, 0, 0, NULL, '2018-08-22 05:30:16'),
(566, 0, 0, NULL, '2018-08-22 05:30:17'),
(567, 0, 0, NULL, '2018-08-22 05:30:26'),
(568, 0, 0, NULL, '2018-08-22 05:30:28'),
(569, 0, 0, NULL, '2018-08-22 05:30:37'),
(570, 0, 0, NULL, '2018-08-22 05:30:39'),
(571, 0, 0, NULL, '2018-08-22 05:30:47'),
(572, 0, 0, NULL, '2018-08-22 05:30:50'),
(573, 0, 0, NULL, '2018-08-22 05:30:58'),
(574, 0, 0, NULL, '2018-08-22 05:31:01'),
(575, 0, 0, NULL, '2018-08-22 05:31:09'),
(576, 0, 0, NULL, '2018-08-22 05:31:12'),
(577, 0, 0, NULL, '2018-08-22 05:31:20'),
(578, 0, 0, NULL, '2018-08-22 05:31:23'),
(579, 0, 0, NULL, '2018-08-22 05:31:31'),
(580, 0, 0, NULL, '2018-08-22 05:31:34'),
(581, 0, 0, NULL, '2018-08-22 05:31:45'),
(582, 0, 0, NULL, '2018-08-22 05:31:48'),
(583, 0, 0, NULL, '2018-08-22 05:31:56'),
(584, 0, 0, NULL, '2018-08-22 05:32:03'),
(585, 0, 0, NULL, '2018-08-22 05:34:04'),
(586, 0, 0, NULL, '2018-08-22 05:34:04'),
(587, 0, 0, NULL, '2018-08-22 05:34:14'),
(588, 0, 0, NULL, '2018-08-22 05:34:25'),
(589, 0, 0, NULL, '2018-08-22 05:34:36'),
(590, 0, 0, NULL, '2018-08-22 05:34:47'),
(591, 0, 0, NULL, '2018-08-22 05:34:58'),
(592, 0, 0, NULL, '2018-08-22 05:35:09'),
(593, 0, 0, NULL, '2018-08-22 05:35:20'),
(594, 0, 0, NULL, '2018-08-22 05:35:31'),
(595, 0, 0, NULL, '2018-08-22 05:35:41'),
(596, 0, 0, NULL, '2018-08-22 05:37:49'),
(597, 0, 0, NULL, '2018-08-22 05:48:12'),
(598, 0, 0, NULL, '2018-08-22 05:48:23'),
(599, 0, 0, NULL, '2018-08-22 05:48:34'),
(600, 0, 0, NULL, '2018-08-22 05:52:23'),
(601, 0, 0, NULL, '2018-08-22 05:52:34'),
(602, 0, 0, NULL, '2018-08-22 05:52:45'),
(603, 0, 0, NULL, '2018-08-22 05:52:56'),
(604, 0, 0, NULL, '2018-08-22 05:53:07'),
(605, 0, 0, NULL, '2018-08-22 05:53:18'),
(606, 0, 0, NULL, '2018-08-22 05:53:29'),
(607, 0, 0, NULL, '2018-08-22 05:53:40'),
(608, 0, 0, NULL, '2018-08-22 05:54:02'),
(609, 0, 0, NULL, '2018-08-22 05:54:04'),
(610, 0, 0, NULL, '2018-08-22 05:56:11'),
(611, 0, 0, NULL, '2018-08-22 05:59:59'),
(612, 0, 0, NULL, '2018-08-22 06:00:09'),
(613, 0, 0, NULL, '2018-08-22 06:00:19'),
(614, 0, 0, NULL, '2018-08-22 06:00:30'),
(615, 0, 0, NULL, '2018-08-22 06:00:40'),
(616, 0, 0, NULL, '2018-08-22 06:00:50'),
(617, 0, 0, NULL, '2018-08-22 06:01:00'),
(618, 0, 0, NULL, '2018-08-22 06:01:10'),
(619, 0, 0, NULL, '2018-08-22 06:01:20'),
(620, 0, 0, NULL, '2018-08-22 06:01:30'),
(621, 0, 0, NULL, '2018-08-22 06:01:39'),
(622, 0, 0, NULL, '2018-08-22 06:01:41'),
(623, 0, 0, NULL, '2018-08-22 06:01:50'),
(624, 0, 0, NULL, '2018-08-22 06:01:51'),
(625, 0, 0, NULL, '2018-08-22 06:02:01'),
(626, 0, 0, NULL, '2018-08-22 06:02:11'),
(627, 0, 0, NULL, '2018-08-22 06:02:22'),
(628, 0, 0, NULL, '2018-08-22 06:02:33'),
(629, 0, 0, NULL, '2018-08-22 06:02:44'),
(630, 0, 0, NULL, '2018-08-22 06:02:55'),
(631, 0, 0, NULL, '2018-08-22 06:03:06'),
(632, 0, 0, NULL, '2018-08-22 06:03:17'),
(633, 0, 0, NULL, '2018-08-22 06:03:28'),
(634, 0, 0, NULL, '2018-08-22 06:03:39'),
(635, 0, 0, NULL, '2018-08-22 06:03:49'),
(636, 0, 0, NULL, '2018-08-22 06:03:59'),
(637, 0, 0, NULL, '2018-08-22 06:04:09'),
(638, 0, 0, NULL, '2018-08-22 06:04:19'),
(639, 0, 0, NULL, '2018-08-22 06:04:19'),
(640, 0, 0, NULL, '2018-08-22 06:04:29'),
(641, 0, 0, NULL, '2018-08-22 06:04:30'),
(642, 0, 0, NULL, '2018-08-22 06:04:39'),
(643, 0, 0, NULL, '2018-08-22 06:04:41'),
(644, 0, 0, NULL, '2018-08-22 06:04:49'),
(645, 0, 0, NULL, '2018-08-22 06:04:52'),
(646, 0, 0, NULL, '2018-08-22 06:05:00'),
(647, 0, 0, NULL, '2018-08-22 06:05:03'),
(648, 0, 0, NULL, '2018-08-22 06:05:10'),
(649, 0, 0, NULL, '2018-08-22 06:07:58'),
(650, 0, 0, NULL, '2018-08-22 06:08:08'),
(651, 0, 0, NULL, '2018-08-22 06:08:18'),
(652, 0, 0, NULL, '2018-08-22 06:08:29'),
(653, 0, 0, NULL, '2018-08-22 06:08:40'),
(654, 0, 0, NULL, '2018-08-22 06:08:51'),
(655, 0, 0, NULL, '2018-08-22 06:09:02'),
(656, 0, 0, NULL, '2018-08-22 06:09:13'),
(657, 0, 0, NULL, '2018-08-22 06:09:24'),
(658, 0, 0, NULL, '2018-08-22 06:09:35'),
(659, 0, 0, NULL, '2018-08-22 06:09:46'),
(660, 0, 0, NULL, '2018-08-22 06:09:57'),
(661, 0, 0, NULL, '2018-08-22 06:10:08'),
(662, 0, 0, NULL, '2018-08-22 06:10:18'),
(663, 0, 0, NULL, '2018-08-22 06:10:29'),
(664, 0, 0, NULL, '2018-08-22 06:10:40'),
(665, 0, 0, NULL, '2018-08-22 06:10:51'),
(666, 0, 0, NULL, '2018-08-22 06:11:02'),
(667, 0, 0, NULL, '2018-08-22 06:11:13'),
(668, 0, 0, NULL, '2018-08-22 06:11:24'),
(669, 0, 0, NULL, '2018-08-22 06:11:35'),
(670, 0, 0, NULL, '2018-08-22 06:11:46'),
(671, 0, 0, NULL, '2018-08-22 06:14:31'),
(672, 0, 0, NULL, '2018-08-22 06:14:42'),
(673, 0, 0, NULL, '2018-08-22 06:14:53'),
(674, 0, 0, NULL, '2018-08-22 06:15:04'),
(675, 0, 0, NULL, '2018-08-22 06:15:15'),
(676, 0, 0, NULL, '2018-08-22 06:15:26'),
(677, 0, 0, NULL, '2018-08-22 06:15:37'),
(678, 0, 0, NULL, '2018-08-22 06:15:48'),
(679, 0, 0, NULL, '2018-08-22 06:15:59'),
(680, 0, 0, NULL, '2018-08-22 06:16:10'),
(681, 0, 0, NULL, '2018-08-22 06:16:21'),
(682, 0, 0, NULL, '2018-08-22 06:16:32'),
(683, 0, 0, NULL, '2018-08-22 06:16:43'),
(684, 0, 0, NULL, '2018-08-22 06:16:54'),
(685, 0, 0, NULL, '2018-08-22 06:17:05'),
(686, 0, 0, NULL, '2018-08-22 06:17:16'),
(687, 0, 0, NULL, '2018-08-22 06:17:27'),
(688, 0, 0, NULL, '2018-08-22 06:17:38'),
(689, 0, 0, NULL, '2018-08-22 06:17:49'),
(690, 0, 0, NULL, '2018-08-22 06:18:00'),
(691, 0, 0, NULL, '2018-08-22 06:18:11'),
(692, 0, 0, NULL, '2018-08-22 06:18:22'),
(693, 0, 0, NULL, '2018-08-22 06:18:33'),
(694, 0, 0, NULL, '2018-08-22 06:18:44'),
(695, 0, 0, NULL, '2018-08-22 06:18:55'),
(696, 0, 0, NULL, '2018-08-22 06:19:06'),
(697, 0, 0, NULL, '2018-08-22 06:19:17'),
(698, 0, 0, NULL, '2018-08-22 06:19:28'),
(699, 0, 0, NULL, '2018-08-22 06:19:39'),
(700, 0, 0, NULL, '2018-08-22 06:19:50'),
(701, 0, 0, NULL, '2018-08-22 06:20:01'),
(702, 16, 2, '', '2018-08-22 06:20:12'),
(703, 16, 2, '', '2018-08-22 06:20:23'),
(704, 16, 2, '', '2018-08-22 06:20:34'),
(705, 16, 2, '', '2018-08-22 06:20:45'),
(706, 16, 2, '', '2018-08-22 06:20:56'),
(707, 16, 2, '', '2018-08-22 06:21:07'),
(708, 17, 2, 'This is ', '2018-08-22 06:26:21'),
(709, 17, 2, 'This is a test ', '2018-08-22 06:26:31'),
(710, 17, 2, 'This is a test ', '2018-08-22 06:26:41'),
(711, 17, 2, 'This is a test ', '2018-08-22 06:26:51'),
(712, 17, 2, 'This is a test ', '2018-08-22 06:27:02'),
(713, 17, 2, 'This is a test ', '2018-08-22 06:27:13'),
(714, 17, 2, 'This is a test ', '2018-08-22 06:27:24'),
(715, 17, 2, 'This is a test ', '2018-08-22 06:27:35'),
(716, 17, 2, 'This is a test ', '2018-08-22 06:27:46'),
(717, 17, 2, 'This is a test ', '2018-08-22 06:27:57'),
(718, 17, 2, 'This is a test ', '2018-08-22 06:28:08'),
(719, 17, 2, 'This is a test ', '2018-08-22 06:28:19'),
(720, 17, 2, 'This is a test ', '2018-08-22 06:28:30'),
(721, 17, 2, 'This is a test ', '2018-08-22 06:28:41'),
(722, 17, 2, 'This is a test ', '2018-08-22 06:28:52'),
(723, 17, 2, 'This is a test ', '2018-08-22 06:29:03'),
(724, 17, 2, 'This is a test this is a another as ', '2018-08-22 06:29:13'),
(725, 17, 2, 'This is a test this is a another as step ', '2018-08-22 06:30:25'),
(726, 17, 2, 'This is a test this is a another as step stokes', '2018-08-22 06:30:35'),
(727, 17, 2, 'This is a test this is a another as step stokes Ties the aside asl asks ', '2018-08-22 06:32:41'),
(728, 17, 2, 'This is a test this is a another as step stokes Ties the aside asl asks sfsf asdf ', '2018-08-22 06:33:22'),
(729, 17, 2, 'This is a test this is a another as step stokes Ties the aside asl asks sfsf asdf sf soda and ', '2018-08-22 06:33:40'),
(730, 17, 2, 'This is a test this is a another as step stokes Ties the aside asl asks sfsf asdf ', '2018-08-22 06:33:40'),
(731, 17, 2, 'This is a test this is a another as step stokes Ties the aside asl asks sfsf asdf sf soda and ', '2018-08-22 06:33:50'),
(732, 17, 2, 'This is a test this is a another as step stokes Ties the aside asl asks sfsf asdf ', '2018-08-22 06:33:51'),
(733, 17, 2, 'This is a test this is a another as step stokes Ties the aside asl asks sfsf asdf sf soda and ', '2018-08-22 06:34:00'),
(734, 17, 2, 'This is a test this is a another as step stokes Ties the aside asl asks sfsf asdf ', '2018-08-22 06:34:02'),
(735, 17, 2, 'This is a test this is a another as step stokes Ties the aside asl asks sfsf asdf sf soda and ', '2018-08-22 06:34:10'),
(736, 17, 2, 'This is a test this is a another as step stokes Ties the aside asl asks sfsf asdf sf soda and sd deaf asdfsa ', '2018-08-22 06:34:20'),
(737, 17, 2, 'This is a test this is a another as step stokes Ties the aside asl asks sfsf asdf sf soda and sd deaf asdfsa s', '2018-08-22 06:35:13'),
(738, 17, 2, 'fdaThis is a test this is a another as step stokes Ties the aside asl asks sfsf asdf sf soda and sd deaf asdfsa sad add ', '2018-08-22 06:35:23'),
(739, 17, 2, 'fdaThis is a test this is a another as step stokes Ties the aside asl asks sfsf asdf sf soda and sd deaf asdfsa sad add data ', '2018-08-22 06:35:54'),
(740, 17, 2, 'fdaThis is a test this is a another as step stokes Ties the aside asl asks sfsf asdf sf soda and sd deaf asdfsa sad add data sf sofa asdfas def s', '2018-08-22 06:36:11'),
(741, 17, 2, 'fdaThis is a test this is a another as step stokes Ties the aside asl asks sfsf asdf sf soda and sd deaf asdfsa sad add data ', '2018-08-22 06:36:12'),
(742, 17, 2, 'fdaThis is a test this is a another as step stokes Ties the aside asl asks sfsf asdf sf soda and sd deaf asdfsa sad add data sf sofa asdfas def s', '2018-08-22 06:36:21'),
(743, 17, 2, 'fdaThis is a test this is a another as step stokes Ties the aside asl asks sfsf asdf sf soda and sd deaf asdfsa sad add data ', '2018-08-22 06:36:23'),
(744, 17, 2, 'fdaThis is a test this is a another as step stokes Ties the aside asl asks sfsf asdf sf soda and sd deaf asdfsa sad add data sf sofa asdfas def s', '2018-08-22 06:36:31'),
(745, 17, 2, 'fdaThis is a test this is a another as step stokes Ties the aside asl asks sfsf asdf sf soda and sd deaf asdfsa sad add data ', '2018-08-22 06:36:34'),
(746, 17, 2, 'fdaThis is a test this is a another as step stokes Ties the aside asl asks sfsf asdf sf soda and sd deaf asdfsa sad add data sf sofa asdfas def s', '2018-08-22 06:36:56'),
(747, 17, 2, 'fdaThis is a test this is a another as step stokes Ties the aside asl asks sfsf asdf sf soda and sd deaf asdfsa sad add data sf sofa asdfas def sSFAS ADAF', '2018-08-22 06:38:05'),
(748, 17, 2, 'fdaThis is a test this is a another as step stokes Ties the aside asl asks sfsf asdf sf soda and sd deaf asdfsa sad add data sf sofa asdfas def sSFAS ADAFss ', '2018-08-22 06:39:30'),
(749, 17, 2, 'fdaThis is a test this is a another as step stokes Ties the aside asl asks sfsf asdf sf soda and sd deaf asdfsa sad add data sf sofa asdfas def sSFAS ADAFss sat asdf ', '2018-08-22 06:43:38'),
(750, 17, 2, 'fdaThis is a test this is a another as step stokes Ties the aside asl asks sfsf asdf sf soda and sd deaf asdfsa sad add data sf sofa asdfas def sSFAS ADAFss sat asdf sa asd sadfa asdf ', '2018-08-22 06:44:00'),
(751, 17, 2, 'fdaThis is a test this is a another as step stokes Ties the aside asl asks sfsf asdf sf soda and sd deaf asdfsa sad add data sf sofa asdfas def sSFAS ADAFss sat asdf sa asd sadfa asdf adsas d sad ', '2018-08-22 06:44:10'),
(752, 17, 2, 'fdaThis is a test this is a another as step stokes Ties the aside asl asks sfsf asdf sf soda and sd deaf asdfsa sad add data sf sofa asdfas def sSFAS ADAFss sat asdf sa asd sadfa asdf adsas d sad dosa ds s s dsjds d sa kids ad dlkfjs l s j sal den ', '2018-08-22 06:44:20'),
(753, 17, 2, 'fdaThis is a test this is a another as step stokes Ties the aside asl asks sfsf asdf sf soda and sd deaf asdfsa sad add data sf sofa asdfas def sSFAS ADAFss sat asdf sa asd sadfa asdf adsas d sad dosa ds s s dsjds d sa kids ad dlkfjs l s j sal den  l da ', '2018-08-22 06:44:21'),
(754, 17, 2, 'fdaThis is a test this is a another as step stokes Ties the aside asl asks sfsf asdf sf soda and sd deaf asdfsa sad add data sf sofa asdfas def sSFAS ADAFss sat asdf sa asd sadfa asdf adsas d sad dosa ds s s dsjds d sa kids ad dlkfjs l s j sal den  l da las dal as l', '2018-08-22 06:44:22'),
(755, 17, 2, 'fdaThis is a test this is a another as step stokes Ties the aside asl asks sfsf asdf sf soda and sd deaf asdfsa sad add data sf sofa asdfas def sSFAS ADAFss sat asdf sa asd sadfa asdf adsas d sad dosa ds s s dsjds d sa kids ad dlkfjs l s j sal den  l da las dal as las l adj', '2018-08-22 06:44:23'),
(756, 17, 2, 'fdaThis is a test this is a another as step stokes Ties the aside asl asks sfsf asdf sf soda and sd deaf asdfsa sad add data sf sofa asdfas def sSFAS ADAFss sat asdf sa asd sadfa asdf adsas d sad dosa ds s s dsjds d sa kids ad dlkfjs l s j sal den  l da las dal as las l adel a la ds', '2018-08-22 06:44:24'),
(757, 17, 2, 'fdaThis is a test this is a another as step stokes Ties the aside asl asks sfsf asdf sf soda and sd deaf asdfsa sad add data sf sofa asdfas def sSFAS ADAFss sat asdf sa asd sadfa asdf adsas d sad dosa ds s s dsjds d sa kids ad dlkfjs l s j sal den  l da las dal as las l adel a la dsld l da la', '2018-08-22 06:44:25'),
(758, 17, 2, 'fdaThis is a test this is a another as step stokes Ties the aside asl asks sfsf asdf sf soda and sd deaf asdfsa sad add data sf sofa asdfas def sSFAS ADAFss sat asdf sa asd sadfa asdf adsas d sad dosa ds s s dsjds d sa kids ad dlkfjs l s j sal den  l da las dal as las l adel a la dsld l da la lad l', '2018-08-22 06:44:26'),
(759, 17, 2, 'fdaThis is a test this is a another as step stokes Ties the aside asl asks sfsf asdf sf soda and sd deaf asdfsa sad add data sf sofa asdfas def sSFAS ADAFss sat asdf sa asd sadfa asdf adsas d sad dosa ds s s dsjds d sa kids ad dlkfjs l s j sal den  l da las dal as las l adel a la dsld l da la lad l al al a', '2018-08-22 06:44:27'),
(760, 17, 2, 'fdaThis is a test this is a another as step stokes Ties the aside asl asks sfsf asdf sf soda and sd deaf asdfsa sad add data sf sofa asdfas def sSFAS ADAFss sat asdf sa asd sadfa asdf adsas d sad dosa ds s s dsjds d sa kids ad dlkfjs l s j sal den  l da las dal as las l adel a la dsld l da la lad l al al al al a a', '2018-08-22 06:44:28'),
(761, 17, 2, 'fdaThis is a test this is a another as step stokes Ties the aside asl asks sfsf asdf sf soda and sd deaf asdfsa sad add data sf sofa asdfas def sSFAS ADAFss sat asdf sa asd sadfa asdf adsas d sad dosa ds s s dsjds d sa kids ad dlkfjs l s j sal den  l da las dal as las l adel a la dsld l da la lad l al al al al a ad  lad js ', '2018-08-22 06:44:30'),
(762, 17, 2, 'fdaThis is a test this is a another as step stokes Ties the aside asl asks sfsf asdf sf soda and sd deaf asdfsa sad add data sf sofa asdfas def sSFAS ADAFss sat asdf sa asd sadfa asdf adsas d sad dosa ds s s dsjds d sa kids ad dlkfjs l s j sal den  l da las dal as las l adel a la dsld l da la lad l al al al al a ad  lad js  l al a', '2018-08-22 06:44:31');

-- --------------------------------------------------------

--
-- Table structure for table `SPRINT_DATA`
--

CREATE TABLE `SPRINT_DATA` (
  `sprint_id` int(11) NOT NULL,
  `goal` int(11) NOT NULL,
  `winner_id` int(11) DEFAULT NULL,
  `creation_date` timestamp NOT NULL DEFAULT CURRENT_TIMESTAMP,
  `owner_id` int(11) NOT NULL,
  `status` varchar(1) NOT NULL DEFAULT 'N',
  `public` int(11) NOT NULL,
  `sprint_start` timestamp NULL DEFAULT NULL
) ENGINE=InnoDB DEFAULT CHARSET=utf8;

--
-- Dumping data for table `SPRINT_DATA`
--

INSERT INTO `SPRINT_DATA` (`sprint_id`, `goal`, `winner_id`, `creation_date`, `owner_id`, `status`, `public`, `sprint_start`) VALUES
(18, 600, NULL, '2018-08-22 06:57:44', 2, 'N', 2, NULL);

--
-- Triggers `SPRINT_DATA`
--
DELIMITER $$
CREATE TRIGGER `SPRINT_DATA_INSERT` AFTER INSERT ON `SPRINT_DATA` FOR EACH ROW INSERT INTO EVENT_DATA (event_id, creation_date, event_type, event_amount, event_status, public) VALUES (NEW.sprint_id, NEW.creation_date,  'S', NEW.goal, NEW.status, NEW.public)
$$
DELIMITER ;
DELIMITER $$
CREATE TRIGGER `SPRINT_DATA_UPDATE` AFTER UPDATE ON `SPRINT_DATA` FOR EACH ROW UPDATE EVENT_DATA SET event_status = NEW.status
$$
DELIMITER ;

-- --------------------------------------------------------

--
-- Table structure for table `SPRINT_INVITATIONS`
--

CREATE TABLE `SPRINT_INVITATIONS` (
  `sprint_id` int(11) NOT NULL,
  `user_id` int(11) NOT NULL,
  `sender_id` int(11) NOT NULL,
  `invitation_date` timestamp NOT NULL DEFAULT CURRENT_TIMESTAMP,
  `recieved` tinyint(1) NOT NULL DEFAULT '0'
) ENGINE=InnoDB DEFAULT CHARSET=utf8;

-- --------------------------------------------------------

--
-- Table structure for table `SPRINT_RECORD`
--

CREATE TABLE `SPRINT_RECORD` (
  `sprint_id` int(11) NOT NULL,
  `user_id` int(11) NOT NULL,
  `word_count` int(11) NOT NULL,
  `sprint_text` longtext NOT NULL,
  `creation_date` timestamp NOT NULL DEFAULT CURRENT_TIMESTAMP,
  `username` varchar(50) NOT NULL
) ENGINE=InnoDB DEFAULT CHARSET=utf8;

--
-- Dumping data for table `SPRINT_RECORD`
--

INSERT INTO `SPRINT_RECORD` (`sprint_id`, `user_id`, `word_count`, `sprint_text`, `creation_date`, `username`) VALUES
(512, 2, 100, 'This is Sybil\'s first story.', '2018-08-21 01:09:06', 'LadySybil'),
(1, 2, 100, 'This is Sybil\'s first story!!! This is a good story. She is a good pig because she is excellent. I can\'t imagine a better story.', '2018-08-21 03:15:12', 'LadySybil'),
(1, 3, 200, '', '2018-08-21 04:28:36', 'Sienna'),
(1, 4, 0, '', '2018-08-21 04:28:36', 'Skylar'),
(1, 1, 0, '', '2018-08-21 04:28:36', 'MarcyT'),
(10, 2, 468, 'This is a test a testThis is a test a test This is a test a test This is a test a test This is a test a test This is a test a test This is a test a test This is a test a test This is a test a test This is a test a test This is a test a test This is a test a test This is a test a test This is a test a test This is a test a test This is a test a test This is a test a test This is a test a test This is a test a test This is a test a test This is a test a test This is a test a test This is a test a test This is a test a test This is a test a test This is a test a test This is a test a test This is a test a test This is a test a test This is a test a test This is a test a test This is a test a test This is a test a test This is a test a test This is a test a test This is a test a test This is a test a test This is a test a test This is a test a test This is a test a test This is a test a test This is a test a test This is a test a test This is a test a test This is a test a test This is a test a test This is a test a test This is a test a test This is a test a test This is a test a test This is a test a test This is a test a test This is a test a test This is a test a test This is a test a test This is a test a test This is a test a test This is a test a test This is a test a test This is a test a test This is a test a test This is a test a test This is a test a test This is a test a test This is a test a test This is a test a test This is a test a test This is a test a test This is a test a test This is a test a test This is a test a test This is a test a test This is a test a test This is a test a test This is a test a test This is a test a test This is a test a test This is a test a test s', '2018-08-22 02:55:09', 'LadySybil'),
(11, 2, 0, '', '2018-08-22 03:38:25', 'LadySybil'),
(12, 2, 0, '', '2018-08-22 05:47:59', 'LadySybil'),
(13, 2, 0, '', '2018-08-22 05:53:54', 'LadySybil'),
(14, 2, 0, '', '2018-08-22 05:59:47', 'LadySybil'),
(15, 2, 0, '', '2018-08-22 06:07:43', 'LadySybil'),
(16, 2, 0, '', '2018-08-22 06:14:19', 'LadySybil'),
(17, 2, 84, 'fdaThis is a test this is a another as step stokes Ties the aside asl asks sfsf asdf sf soda and sd deaf asdfsa sad add data sf sofa asdfas def sSFAS ADAFss sat asdf sa asd sadfa asdf adsas d sad dosa ds s s dsjds d sa kids ad dlkfjs l s j sal den  l da las dal as las l adel a la dsld l da la lad l al al al al a ad  lad js  l al a', '2018-08-22 06:26:08', 'LadySybil');

--
-- Triggers `SPRINT_RECORD`
--
DELIMITER $$
CREATE TRIGGER `UPDATE_SPRINT_RECORD` AFTER UPDATE ON `SPRINT_RECORD` FOR EACH ROW IF OLD.sprint_text <> NEW.sprint_text THEN
INSERT INTO SPRINT_BACKUP (sprint_id, user_id, sprint_text) VALUES (NEW.sprint_id, NEW.user_id, NEW.sprint_text);
END IF
$$
DELIMITER ;

-- --------------------------------------------------------

--
-- Table structure for table `USER_DATA`
--

CREATE TABLE `USER_DATA` (
  `user_id` int(11) NOT NULL,
  `username` varchar(50) NOT NULL,
  `password` varchar(50) NOT NULL
) ENGINE=InnoDB DEFAULT CHARSET=utf8;

--
-- Dumping data for table `USER_DATA`
--

INSERT INTO `USER_DATA` (`user_id`, `username`, `password`) VALUES
(1, 'MarcyT', 'dd4fbf6511a8f3d310ed31d160a91c849e347c1c'),
(2, 'LadySybil', 'dd4fbf6511a8f3d310ed31d160a91c849e347c1c'),
(3, 'Sienna', 'dd4fbf6511a8f3d310ed31d160a91c849e347c1c'),
(4, 'Skylar', 'dd4fbf6511a8f3d310ed31d160a91c849e347c1c');

--
-- Indexes for dumped tables
--

--
-- Indexes for table `SPRINT_BACKUP`
--
ALTER TABLE `SPRINT_BACKUP`
  ADD PRIMARY KEY (`backup_id`);

--
-- Indexes for table `SPRINT_DATA`
--
ALTER TABLE `SPRINT_DATA`
  ADD PRIMARY KEY (`sprint_id`);

--
-- Indexes for table `USER_DATA`
--
ALTER TABLE `USER_DATA`
  ADD PRIMARY KEY (`user_id`);

--
-- AUTO_INCREMENT for dumped tables
--

--
-- AUTO_INCREMENT for table `SPRINT_BACKUP`
--
ALTER TABLE `SPRINT_BACKUP`
  MODIFY `backup_id` int(11) NOT NULL AUTO_INCREMENT, AUTO_INCREMENT=763;
--
-- AUTO_INCREMENT for table `SPRINT_DATA`
--
ALTER TABLE `SPRINT_DATA`
  MODIFY `sprint_id` int(11) NOT NULL AUTO_INCREMENT, AUTO_INCREMENT=19;
--
-- AUTO_INCREMENT for table `USER_DATA`
--
ALTER TABLE `USER_DATA`
  MODIFY `user_id` int(11) NOT NULL AUTO_INCREMENT, AUTO_INCREMENT=5;COMMIT;

/*!40101 SET CHARACTER_SET_CLIENT=@OLD_CHARACTER_SET_CLIENT */;
/*!40101 SET CHARACTER_SET_RESULTS=@OLD_CHARACTER_SET_RESULTS */;
/*!40101 SET COLLATION_CONNECTION=@OLD_COLLATION_CONNECTION */;
